{
    "action": {
        "mean": [
            7.163854598999023,
            -16.386390686035156,
            24.931400299072266,
            79.12254333496094,
            26.959815979003906,
            22.61875343322754
        ],
        "std": [
            18.351308822631836,
            60.32539367675781,
            56.088321685791016,
            15.420757293701172,
            8.46394157409668,
            12.841639518737793
        ],
        "min": [
            -36.654212951660156,
            -100.0,
            -92.97613525390625,
            19.37309455871582,
            3.643935441970825,
            0.1552795022726059
        ],
        "max": [
            74.18016052246094,
            74.38258361816406,
            99.54975128173828,
            100.0,
            57.62623596191406,
            54.27018737792969
        ],
        "q01": [
            -31.00788637161255,
            -98.91168212890625,
            -78.02791595458984,
            41.31475830078125,
            7.4450804710388185,
            1.5527950525283813
        ],
        "q99": [
            49.187215614318774,
            67.18292236328125,
            99.27960205078125,
            100.0,
            47.37116241455078,
            49.223602294921875
        ]
    },
    "observation.state": {
        "mean": [
            6.915738105773926,
            -15.102663040161133,
            26.128719329833984,
            79.36910247802734,
            26.959644317626953,
            23.099580764770508
        ],
        "std": [
            18.18168830871582,
            60.761962890625,
            54.813209533691406,
            15.075366020202637,
            8.404529571533203,
            12.00468635559082
        ],
        "min": [
            -36.71613311767578,
            -99.17393493652344,
            -88.63179016113281,
            21.650535583496094,
            -1.0752688646316528,
            1.4570552110671997
        ],
        "max": [
            73.76734924316406,
            75.86048889160156,
            99.09456634521484,
            100.0,
            57.380252838134766,
            53.98773193359375
        ],
        "q01": [
            -31.06749725341797,
            -98.53143310546875,
            -74.64788818359375,
            42.741722412109375,
            7.33137845993042,
            1.9946318840980535
        ],
        "q99": [
            48.6835823059082,
            68.33409881591797,
            98.79275512695312,
            100.0,
            47.21407699584961,
            49.15644073486328
        ]
    },
    "timestamp": {
        "mean": [
            4.706708908081055
        ],
        "std": [
            2.7270727157592773
        ],
        "min": [
            0.0
        ],
        "max": [
            9.433333396911621
        ],
        "q01": [
            0.06666667014360428
        ],
        "q99": [
            9.333333015441895
        ]
    },
    "frame_index": {
        "mean": [
            141.2012481689453
        ],
        "std": [
            81.81217956542969
        ],
        "min": [
            0.0
        ],
        "max": [
            283.0
        ],
        "q01": [
            2.0
        ],
        "q99": [
            280.0
        ]
    },
    "episode_index": {
        "mean": [
            14.499058723449707
        ],
        "std": [
            8.652873039245605
        ],
        "min": [
            0.0
        ],
        "max": [
            29.0
        ],
        "q01": [
            0.0
        ],
        "q99": [
            29.0
        ]
    },
    "index": {
        "mean": [
            4250.5
        ],
        "std": [
            2454.31591796875
        ],
        "min": [
            0.0
        ],
        "max": [
            8501.0
        ],
        "q01": [
            85.01
        ],
        "q99": [
            8415.99
        ]
    },
    "task_index": {
        "mean": [
            0.0
        ],
        "std": [
            0.0
        ],
        "min": [
            0.0
        ],
        "max": [
            0.0
        ],
        "q01": [
            0.0
        ],
        "q99": [
            0.0
        ]
    }
}