{
    "action": {
        "mean": [
            8.316306114196777,
            5.62443733215332,
            -4.673918724060059,
            78.00851440429688,
            5.711781978607178,
            23.573776245117188
        ],
        "std": [
            26.019054412841797,
            33.5836181640625,
            45.952857971191406,
            15.935436248779297,
            23.819377899169922,
            13.930938720703125
        ],
        "min": [
            -48.52635955810547,
            -83.00543975830078,
            -99.27960205078125,
            36.525901794433594,
            -50.02602767944336,
            1.2422360181808472
        ],
        "max": [
            64.05147552490234,
            73.37798309326172,
            86.04232025146484,
            100.0,
            94.69026184082031,
            52.71739196777344
        ],
        "q01": [
            -45.537567138671875,
            -63.58308792114258,
            -85.68302932739257,
            38.354373931884766,
            -46.59291957855225,
            1.7857142686843872
        ],
        "q99": [
            55.25197082519533,
            69.94558715820312,
            69.02296447753906,
            100.0,
            84.0713137817383,
            50.543479919433594
        ]
    },
    "observation.state": {
        "mean": [
            8.155672073364258,
            6.385439395904541,
            -2.53658127784729,
            78.16104888916016,
            5.647713661193848,
            24.62854766845703
        ],
        "std": [
            25.723217010498047,
            34.19229507446289,
            45.370323181152344,
            15.73399543762207,
            23.797958374023438,
            13.332504272460938
        ],
        "min": [
            -47.58418655395508,
            -82.2673110961914,
            -96.19300842285156,
            38.084632873535156,
            -49.51737594604492,
            1.1695905923843384
        ],
        "max": [
            63.10395431518555,
            74.50374603271484,
            86.1885757446289,
            100.0,
            94.69111633300781,
            53.14327621459961
        ],
        "q01": [
            -44.65592956542969,
            -63.29951477050781,
            -83.62372688293458,
            38.7082405090332,
            -46.81853157043457,
            2.6315789222717285
        ],
        "q99": [
            55.003417472839374,
            71.06307983398438,
            69.2784423828125,
            99.82182312011719,
            83.59459739685067,
            50.659356117248564
        ]
    },
    "timestamp": {
        "mean": [
            4.983332633972168
        ],
        "std": [
            2.886735200881958
        ],
        "min": [
            0.0
        ],
        "max": [
            9.966666221618652
        ],
        "q01": [
            0.09966666817665083
        ],
        "q99": [
            9.86700012207032
        ]
    },
    "frame_index": {
        "mean": [
            149.5
        ],
        "std": [
            86.60205841064453
        ],
        "min": [
            0.0
        ],
        "max": [
            299.0
        ],
        "q01": [
            2.989999999999995
        ],
        "q99": [
            296.0100000000002
        ]
    },
    "episode_index": {
        "mean": [
            14.571428298950195
        ],
        "std": [
            8.905970573425293
        ],
        "min": [
            0.0
        ],
        "max": [
            29.0
        ],
        "q01": [
            0.0
        ],
        "q99": [
            29.0
        ]
    },
    "index": {
        "mean": [
            4520.9287109375
        ],
        "std": [
            2673.194580078125
        ],
        "min": [
            0.0
        ],
        "max": [
            8999.0
        ],
        "q01": [
            83.99
        ],
        "q99": [
            8915.01
        ]
    },
    "task_index": {
        "mean": [
            0.0
        ],
        "std": [
            0.0
        ],
        "min": [
            0.0
        ],
        "max": [
            0.0
        ],
        "q01": [
            0.0
        ],
        "q99": [
            0.0
        ]
    }
}